caseid	date	version	category	type	chrom1	pos1	chrom2	pos2	length	csyntax	psyntax	genes	filters	id	abundance	info
2895854074-lib4	2020-11-18 16:21:10	beta	OTHERSV	DUP	chr2	234500000	chr2	242000000	7500001	seq[GRCh38] dup(2)(q37.1qter)	chr2:g.234500000_242000000dup	LRRFIP1	CNAAbundance	ICHOR:chr2_234500001_242000000	5.6	CN=3;LOG2RATIO=0.04
2895854074-lib4	2020-11-18 16:21:10	beta	OTHERSV	DUP	chr4	500000	chr4	8500000	8000001	seq[GRCh38] dup(4)(p16.1pter)	chr4:g.500000_8500000dup	CTBP1,FGFR3,FGFRL1,MAEA,UVSSA	CNAAbundance	ICHOR:chr4_500001_8500000	5.0	CN=3;LOG2RATIO=0.036
2895854074-lib4	2020-11-18 16:21:10	beta	OTHERSV	BND	chr4	119718743	chr6	30471630	NA	seq[GRCh38] t(4;6)(q26;p22.1)	chr4:g.119718743(+)::chr6:g.30471630(-)	INTERGENIC--SUCLA2P1,TMPOP1	PASS	MantaBND:22890:3:5:1:1:0:1;MantaBND:22890:3:5:1:1:0:0	100.0	PR_READS=2/2;SR_READS=17/17;CONTIG=TTTAGTAGAGACGGGGTTTCACCGTTTTAGCCGGGATGGTTTCGATCTCCTGACCTCGTGATCCGCCCGCCTCGGCCTCCCAAAGTGCTGGGATTACAGGCGTGAGCCACCGCGCCCGGCCTGAAGGTGTTTAATGTATGAACTTTAATATTGGCACCACTCTTGCTGTATCCCAAAGGTTTTGATAGGTGTGTCACTATTATCATTCAGTTCAAAGAACTTTTTAATTTCCATCTTAATTTCATTATTTATCCAATGATCGATCAGG;
2895854074-lib4	2020-11-18 16:21:10	beta	OTHERSV	DUP	chr5	1000000	chr5	8500000	7500001	seq[GRCh38] dup(5)(p15.31pter)	chr5:g.1000000_8500000dup	TERT	CNAAbundance	ICHOR:chr5_1000001_8500000	5.6	CN=3;LOG2RATIO=0.04
2895854074-lib4	2020-11-18 16:21:10	beta	OTHERSV	BND	chr6	75321810	chr20	5040478	NA	seq[GRCh38] t(6;20)(q14.1;pter)	chr6:g.75321810(+)::chr20:g.5040478(+)	FILIP1,HMGB1P39--INTERGENIC	PASS	MantaBND:23842:1:3:0:1:0:1;MantaBND:23842:1:3:0:1:0:0	31.2	PR_READS=6/18;SR_READS=9/30;CONTIG=GGAGAATGGCGTGAACCCGGGAAGCGGAGCTTGCAGTGAGCCGAGATTGCGCCACTGCAGTCCGCAGTCCGACCTGGGCGACAGAGAGAGACTCCGTCTCAAAAAAAAAAAAAAAAAAAAATGCTCATACGTGGTTGGCAGGAGTGTAAATAGCCTCAACCAATTTGGAAAGCAATTTGCCCATACTAGTTAATATAACGATCTAGATAGTGGGCAACCCGGATTAGCCTTTTCCA;
2895854074-lib4	2020-11-18 16:21:10	beta	OTHERSV	DUP	chr7	54500000	chr7	76000000	21500001	+7	chr7:g.54500000_76000000dup	CLIP2,CRCP,EGFR,GTF2I,GUSB,HIP1,PSPH	CNAAbundance	ICHOR:chr7_54500001_76000000	9.5	CN=3;LOG2RATIO=0.067
2895854074-lib4	2020-11-18 16:21:10	beta	OTHERSV	DUP	chr7	147500000	chr7	159000000	11500001	seq[GRCh38] dup(7)(q35qter)	chr7:g.147500000_159000000dup	ACTR3B,CUL1,DPP6,ESYT2,EZH2,KMT2C,MNX1,ZNF398	CNAAbundance	ICHOR:chr7_147500001_159000000	5.0	CN=3;LOG2RATIO=0.036
2895854074-lib4	2020-11-18 16:21:10	beta	OTHERSV	BND	chr15	25490521	chr19	54384059	NA	seq[GRCh38] t(15;19)(q11.2;q13.42)	chr15:g.25490521(+)::chr19:g.54384059(-)	LINC02250--AC245884.4	PASS	MantaBND:15897:0:1:0:0:0:0;MantaBND:15897:0:1:0:0:0:1	17.6	PR_READS=3/25;SR_READS=10/49;CONTIG=AAATGGCAGACATAAATCTCACCTTATCAGTAACTACATTAAATATAAATGATTAATTAATACATCAGGTAAAAGACAGTGACTGGCAGAAGAAATAATATAATCCAATTCTATTCTGTCTATAAGAGATACAGTTTAGGCCGGGCGCGGTGGCTCACGCCTGTAATCCCAGCACTTTGGGAGGCCGAGGTGGGCGGATCACGAGGTCAGGAGATCGAGACCATCCTGGCCAACATGGTGAAACCCCGTCTCTACTAAAAATACAAAAAAAAATTAGCCGGGCGTGGTGGCAGGCGCCTGTAGTCCCAGCTACGCGGGAGGCTGAGGCAGGAGAATGGCGTGAACCCGGGAGGCGGAGCTTGCAGTGAGCTGAGATCGCGCCACCGCACTCCAGCC;
2895854074-lib4	2020-11-18 16:21:10	beta	OTHERSV	DUP	chr17	500000	chr17	17500000	17000001	seq[GRCh38] dup(17)(p11.2pter)	chr17:g.500000_17500000dup	GAS7,MPRIP,NCOR1,PER1,PHF23,RABEP1,TP53,TRPV2	CNAAbundance	ICHOR:chr17_500001_17500000	5.0	CN=3;LOG2RATIO=0.035
