version	name	mrn	DOB	accession	specimen	casedir	exception	run_info_str	date	runid	instrument	spec	flowcell	type	psyntax	csyntax	filter	chr1	pos1	strand1	gene1	region1	chr2	pos2	strand2	gene2	region2	id	abundance	info	dblookup
v0.1	TWJV-Gateway-Seq-S18-34038-LibRep50ng-lib1	NONE	NONE	NONE	NONE	/storage1/fs1/duncavagee/Active/SEQ/GatewaySeq/process/hackathon/CI-871_rerun/TWJV-Gateway-Seq-S18-34038-LibRep50ng-lib1_CATTGGCCAA-TTCTGTCTTC	NONE	NONE	2023-06-27_17:28:50	NONE	NONE	NONE	NONE	BND	ATP8B1::ROS1	chr6:g.117404220(+)::chr18:g.57653287(-)	NovelSV;NoPairedReads	chr6	117404220	+	ROS1	intron5	chr18	57653287	+	ATP8B1	intron24	MantaBND:2680:0:1:0:3:0:1;MantaBND:2680:0:1:0:3:0:0	24.4%	PR_READS=0/36;SR_READS=38/120;CONTIG=GTTGAAGCTGCAGTGAGTTGTGTTTGTGCCACTGCACTCCGGGCTGGGCAACAAAGTGAGACCCTGTCTCCAAAAAAAAAAAAAAATTGGGAAGGGGTCTGGGTTGAGGTACAAAGGCAGCCTTTCATACCTTAGGATAAGTCCAGCTTCCCAGAAGTTGTGCATATTTCCACTGAATGATGTATTTTACTCCAGAGAAGTTTGCAGATTTCCATCGTAATGTCATATTGTGGCTTCCAATGGAAGAAGCAAAGGGAGCAGTTGGAAGGTCTGCATTTTCTGGGGAAAAAACAAGATTTCACTCACCACGCACTCCTGTCCATCAGCGCAAGAGAGTGTGTGCCTCTCTCATCTAGGGCTCTCCGTATTCTCTTGCTAAAACTGCATCTTGCCACAATAACTCACTTGAATA	PASS=0/Filtered=0
v0.1	TWJV-Gateway-Seq-S18-38369-lib1	NONE	NONE	NONE	NONE	/storage1/fs1/duncavagee/Active/SEQ/GatewaySeq/process/hackathon/CI-847_rerun/TWJV-Gateway-Seq-S18-38369-lib1_AGGCTATGCA-CGAAGAACAG	NONE	NONE	2023-06-27_17:29:03	NONE	NONE	NONE	NONE	BND	NF1::AP3B1	chr5:g.78269905(+)::chr17:g.31236057(+)	NovelSV;NoPairedReads	chr5	78269905	+	AP3B1	intron1	chr17	31236057	+	NF1	intron29	MantaBND:844:0:7:0:2:0:0;MantaBND:844:0:7:0:2:0:1	32.5%	PR_READS=0/83;SR_READS=149/375;CONTIG=TATATGGAGCAGGTATAATAAACTCCTATTCGTGCATTTCTGTAGGTATATGGTGCTACCTATCTACAAAAACTCCTGGATCCTTTATTACGAATTGTGATCACATCCTCTGATTGGCAACATGTTAGCTTTGAAGTGGATCCTACCAGGTTTGTCATCTTTTCACATAGAACCGCTGTTTTTTGTGTTTTTTTTTGTTTGTTCTTTCTTTTGAGACAGAGTCTCACTCTGTCACCCAGGCTGGAATGCAGTAGTGTGATC	PASS=0/Filtered=0
v0.1	TWJV-Gateway-Seq-S18-34038-LibRep100ng-lib1	NONE	NONE	NONE	NONE	/storage1/fs1/duncavagee/Active/SEQ/GatewaySeq/process/hackathon/CI-871_rerun/TWJV-Gateway-Seq-S18-34038-LibRep100ng-lib1_CCACTTGCCA-AGCCACGAAG	NONE	NONE	2023-06-27_17:29:17	NONE	NONE	NONE	NONE	BND	LINC00486::POLD1	chr2:g.32916307(+)::chr19:g.50415667(-)	NovelSV;NoPairedReads	chr2	32916307	+	LINC00486	intron4	chr19	50415667	+	POLD1	intron21	MantaBND:0:15:201:1:1:0:0;MantaBND:0:15:201:1:1:0:1	24.6%	PR_READS=0/3;SR_READS=166/672;CONTIG=CCGGCGGGGGGGGGGGGGGGGGGGGGGGGGGGGGGGGGGGGGGGGGGGGGGGGGGGGGGGGCGAGGGTGTAGGAAGTGGGCCCAGCTGGCAGGAAGGAGGGGGTTATTTCTGGCCAGGCCACCCGCCCCGCGCAGGACCTCTCGGCCAGCTCCACGTGGGCCTGCTTGCCGGCATAGTCGGAGGCCGCGCGGGTCAGCTCCTTGGTGATGACCAGCTGGGAGATATCGATGCGGTTGCACAGCAGGTCCGAGATGACGTCCTGTGCGTGAGCCACCGCGCCCTCAGGGTCTCT	PASS=0/Filtered=8
v0.1	TWJV-Gateway-Seq-S18-34038-LibRep25ng-lib1	NONE	NONE	NONE	NONE	/storage1/fs1/duncavagee/Active/SEQ/GatewaySeq/process/hackathon/CI-871_rerun/TWJV-Gateway-Seq-S18-34038-LibRep25ng-lib1_CACTTCGCTT-CTTAACGACA	NONE	NONE	2023-06-27_17:29:27	NONE	NONE	NONE	NONE	BND	TCF4::LRIG3	chr12:g.58924837(+)::chr18:g.55538027(+)	NovelSV;NoPairedReads	chr12	58924837	+	LRIG3	INTERGENIC	chr18	55538027	+	TCF4	intron3	MantaBND:6092:0:1:0:7:0:0;MantaBND:6092:0:1:0:7:0:1	14.9%	PR_READS=0/100;SR_READS=38/155;CONTIG=TCAAAGGGACAGGCTATTGAGGTCTAAGCCCCTCCTATATAAAGAGTTCCACTTCCCCTCCCAGCCTTCTATGGGACTTATGCACCCAGGAAGGATAAATAGATTTTTAATTCACAAGAGAATGCACTGCTCCTATCGTACATGGTGAGTGACCCAGGCATGAAGGTATGAAAGTTATCCTGTCATTGGCCTTTGTTTGCTAGTCTGGATTTTGCTAGTCTGCGCGCGCGCGCACACACACACACACACACACACACACACACACAGAGGACACAGTGCTATCAAATGTTGAATCTCAGTTTTTG	PASS=0/Filtered=0
v0.1	TWJV-Gateway-Seq-S20-26878-C3-lib1	NONE	NONE	NONE	NONE	/storage1/fs1/duncavagee/Active/SEQ/GatewaySeq/process/hackathon/CI-847_rerun/TWJV-Gateway-Seq-S20-26878-C3-lib1_AAGGTACCGT-TCACGTCGGT	NONE	NONE	2023-06-27_17:29:30	NONE	NONE	NONE	NONE	BND	RSPO3::PROX1-AS1	chr1:g.213846134(+)::chr6:g.127142983(-)	NovelSV;NoPairedReads	chr1	213846134	+	PROX1-AS1	intron4	chr6	127142983	+	RSPO3	intron1	MantaBND:32:747:749:0:1:0:1;MantaBND:32:747:749:0:1:0:0	5.1%	PR_READS=0/278;SR_READS=35/410;CONTIG=TTTTCCTCTATAGATTCAGGAATTTGAGATAATTCCCACCTTCTATTCAAGGAAGCTATTTATTGAATAGGTTCTCAATAAAGTGTTTTTGATTATTGAAGGAATGAACACAATACATATAAAAAAGCTATTTTTTTAAAAAATGATAAATATGTTGTTAGGTACAGTGGCTCACAACTGTAATCCCAGCACTTTCCTTGAGCCAAGGAGTTTGAGACTAGCCTGGGCAACACAGCAAAACCCTGTTTCTACCAAAAAAAAAAAAAAAAATTAGCCTGGCGTGGTGGCACTTGCCTGTAGTCCCAGCTACTAGGGAGGCTGAGGCAGGAGAATCACTTGAACTTGGGAGGCGGAGGTCGCAGTGAACCGAGAT	PASS=0/Filtered=0
v0.1	TWJV-Gateway-Seq-S20-26878-C3-lib1	NONE	NONE	NONE	NONE	/storage1/fs1/duncavagee/Active/SEQ/GatewaySeq/process/hackathon/CI-847_rerun/TWJV-Gateway-Seq-S20-26878-C3-lib1_AAGGTACCGT-TCACGTCGGT	NONE	NONE	2023-06-27_17:29:30	NONE	NONE	NONE	NONE	BND	RNF10::TP53	chr12:g.120542820(+)::chr17:g.7672849(-)	NovelSV;NoPairedReads	chr12	120542820	+	RNF10	intron1	chr17	7672849	+	TP53	intron9	MantaBND:403:1:21:0:0:0:1;MantaBND:403:1:21:0:0:0:0	13.6%	PR_READS=0/5;SR_READS=22/157;CONTIG=AATTAGCCAGGCATGGTGGTGCAGGCCTGTAGTTGAAGCAACTTGGGAGGCTGAGCTGGGAGGATGGATGGAGCCTGGGAGGTGGAGGCTGCAGTGAGCTGTGACTGCACTACTGCACTCTATCCAGCCTGGGTGACAGAGCAAGACCTTGTCTCAAAAAAGTAGGCTAGAGACCAGCCTGGGCAACATAGTGAGACTCTATCTATCTACAAAAAATTTTAAAAATTAGCTGGGTATGGTGGTGTATGCCTGTGGTCCTAGCTACTGGGGAGGCAGAGTTAGGGGGATTGCTTGAGCCCAGGAGGGTATAATGAGCTATGATCACATCACTGTAATCCAGCCTGGGCAACAGAGCAAGATGCTGTCTCCATTAAAAATAAAATAAAAGTAGGCTAGGCAGGCCGGGTGCGGTGGCTCACGCCTGTAATCCCAGCACTTTGGGAGGCCAAGGCAGGCAGATCACAAGGTCAGGAGTTCGAGCCTAG	PASS=0/Filtered=0
v0.1	TWJV-Gateway-Seq-S20-31402-lib2	NONE	NONE	NONE	NONE	/storage1/fs1/duncavagee/Active/SEQ/GatewaySeq/process/hackathon/CI-847_rerun/TWJV-Gateway-Seq-S20-31402-lib2_GCGTCAGAGT-GAGGATGGAT	NONE	NONE	2023-06-27_17:29:46	NONE	NONE	NONE	NONE	BND	LINC00486::POLD1	chr2:g.32916485(+)::chr19:g.50415672(-)	NovelSV;NoPairedReads	chr2	32916485	+	LINC00486	intron4	chr19	50415672	+	POLD1	intron21	MantaBND:0:40:261:1:0:0:0;MantaBND:0:40:261:1:0:0:1	24.1%	PR_READS=0/3;SR_READS=228/944;CONTIG=GGGGGGGGGGGGGGGGGGGGGGGGGGGGGGGGGGGGGGGGGGGGGCGGGGGGGGGCGGGGGGGGGGGGGGGGGGGGGGGGGGGGGGTGGGGGGGGGGGGGGGGGGGGGGGGGGGGGGGGGGGGGGGGGGGGGGGGGGGCGCGGGTGTAGGAAGTGGGCCCAGCTGGCAGGAAGGAGGGGGTTATTTCTGGCCAGGCCACCCGCCCCGCGCAGGACCTCTCGGCCAGCTCCACGTGGGCCTGCTTGCCGGCATAGTCGGAGGCCGCGCGGGTCAGCTCCTTGGTGATGACCAGCTGGGAGATATCGATGCGGTTGCACAGCAGGTCCGAGATGACGTCCTGTGCGTGAGCCACCGCGCCCTCAGGGTCTCTGTAGGAGAGCGGGCCGCACAGCGTCACCAAAAGGCACTGAGGGCCAGGCTGGTGCCTCCAC	PASS=0/Filtered=7
v0.1	TWJV-Gateway-Seq-S20-31402-lib2	NONE	NONE	NONE	NONE	/storage1/fs1/duncavagee/Active/SEQ/GatewaySeq/process/hackathon/CI-847_rerun/TWJV-Gateway-Seq-S20-31402-lib2_GCGTCAGAGT-GAGGATGGAT	NONE	NONE	2023-06-27_17:29:46	NONE	NONE	NONE	NONE	BND	LINC00486::POLD1	chr2:g.32916582(+)::chr19:g.50415664(-)	NovelSV	chr2	32916582	+	LINC00486	intron4	chr19	50415664	+	POLD1	intron21	MantaBND:0:40:261:2:0:0:1;MantaBND:0:40:261:2:0:0:0	27.1%	PR_READS=1/5;SR_READS=274/1011;CONTIG=GCCTTTTGGTGACGCTGTGCGGCCCGCTCTCCTACAGAGACCCTGAGGGCGCGGTGGCTCACGCACAGGACGTCATCTCGGACCTGCTGTGCAACCGCATCGATATCTCCCAGCTGGTCATCACCAAGGAGCTGACCCGCGCGGCCTCCGACTATGCCGGCAAGCAGGCCCACGTGGAGCTGGCCGAGAGGTCCTGCGCGGGGCGGGTGGCCTGGCCAGAAATAACCCCCTCCTTCCTGCCAGCTGGGCCCACTTCCTACACCCGCGCCCCCCCCCCCCCCCCCCCCCCCCCCCCCCCCCCCCCCCCCCCCCCCCCCACCCCCCCCCCCCCCCCCCCCCCCCCCCCCCCCCCCCCCCCCCCCCCCCCCCCCCCGCCCCCCCCCCCCCCCCCCCCCCCCCCCCCCCCCCCCCCCCCCCCCCCCCCCCCCCCCCCCCCCCCCCCCCCCCCCCCCCCCCCCCCCCCCCCCCCCCCCCCCCCCC	PASS=0/Filtered=7
v0.1	TWJV-Gateway-Seq-S20-31402-lib2	NONE	NONE	NONE	NONE	/storage1/fs1/duncavagee/Active/SEQ/GatewaySeq/process/hackathon/CI-847_rerun/TWJV-Gateway-Seq-S20-31402-lib2_GCGTCAGAGT-GAGGATGGAT	NONE	NONE	2023-06-27_17:29:46	NONE	NONE	NONE	NONE	BND	GNAO1::RASEF	chr9:g.82983112(+)::chr16:g.56300039(-)	NovelSV;NoPairedReads	chr9	82983112	+	RASEF	intron16	chr16	56300039	+	GNAO1	intron3	MantaBND:5712:1:3:0:3:0:1;MantaBND:5712:1:3:0:3:0:0	19.3%	PR_READS=0/88;SR_READS=83/342;CONTIG=CACACTCACAAGCACATGTGCGTGCGCGCGCGCGCGCACACACACACACACACACACACACACACACACACACACACACACCCTTCTCCCCTCACT	PASS=0/Filtered=0
