version	name	mrn	DOB	accession	specimen	casedir	exception	run_info_str	date	runid	instrument	spec	flowcell	type	gene	chrom	start	end	copy_ratio	qual	filter	copynumber	ploidy	dblookup
v0.1	TWJV-Gateway-Seq-S18-34038-A6-lib1	NONE	NONE	NONE	NONE	/storage1/fs1/duncavagee/Active/SEQ/GatewaySeq/process/hackathon/CI-847_rerun/TWJV-Gateway-Seq-S18-34038-A6-lib1_AGACGACAGA-CTGGTTAACA	NONE	NONE	2023-06-27_17:27:45	NONE	NONE	NONE	NONE	REF	CDKN2A_B	chr9	21967750	22008955	0.922529	3	cnvQual	2	2	PASS=0/Filtered=96
v0.1	TWJV-Gateway-Seq-S18-34038-A6-lib1	NONE	NONE	NONE	NONE	/storage1/fs1/duncavagee/Active/SEQ/GatewaySeq/process/hackathon/CI-847_rerun/TWJV-Gateway-Seq-S18-34038-A6-lib1_AGACGACAGA-CTGGTTAACA	NONE	NONE	2023-06-27_17:27:45	NONE	NONE	NONE	NONE	LOSS	PTEN	chr10	87864467	87965474	0.193929	156	PASS	1	2	PASS=6/Filtered=6
v0.1	TWJV-Gateway-Seq-S18-34038-A6-lib1	NONE	NONE	NONE	NONE	/storage1/fs1/duncavagee/Active/SEQ/GatewaySeq/process/hackathon/CI-847_rerun/TWJV-Gateway-Seq-S18-34038-A6-lib1_AGACGACAGA-CTGGTTAACA	NONE	NONE	2023-06-27_17:27:45	NONE	NONE	NONE	NONE	LOSS	TP53	chr17	7668400	7676625	0.816985	133	cnvCopyRatio;cnvRatio	1	2	PASS=1/Filtered=31
v0.1	TWJV-Gateway-Seq-S18-34038-A6-lib1	NONE	NONE	NONE	NONE	/storage1/fs1/duncavagee/Active/SEQ/GatewaySeq/process/hackathon/CI-847_rerun/TWJV-Gateway-Seq-S18-34038-A6-lib1_AGACGACAGA-CTGGTTAACA	NONE	NONE	2023-06-27_17:27:45	NONE	NONE	NONE	NONE	GAIN	PDGFRA	chr4	53377836	54295274	1.114882	128	cnvCopyRatio;cnvRatio	3	2	PASS=1/Filtered=26
v0.1	TWJV-Gateway-Seq-S18-34038-A6-lib1	NONE	NONE	NONE	NONE	/storage1/fs1/duncavagee/Active/SEQ/GatewaySeq/process/hackathon/CI-847_rerun/TWJV-Gateway-Seq-S18-34038-A6-lib1_AGACGACAGA-CTGGTTAACA	NONE	NONE	2023-06-27_17:27:45	NONE	NONE	NONE	NONE	REF	EGFR	chr7	55019275	55205619	0.962485	3	cnvQual	2	2	PASS=0/Filtered=71
v0.1	TWJV-Gateway-Seq-S18-34038-A6-lib1	NONE	NONE	NONE	NONE	/storage1/fs1/duncavagee/Active/SEQ/GatewaySeq/process/hackathon/CI-847_rerun/TWJV-Gateway-Seq-S18-34038-A6-lib1_AGACGACAGA-CTGGTTAACA	NONE	NONE	2023-06-27_17:27:45	NONE	NONE	NONE	NONE	GAIN	MET	chr7	116699068	116796126	1.162795	195	cnvCopyRatio;cnvRatio	3	2	PASS=1/Filtered=27
v0.1	TWJV-Gateway-Seq-S18-34038-A6-lib1	NONE	NONE	NONE	NONE	/storage1/fs1/duncavagee/Active/SEQ/GatewaySeq/process/hackathon/CI-847_rerun/TWJV-Gateway-Seq-S18-34038-A6-lib1_AGACGACAGA-CTGGTTAACA	NONE	NONE	2023-06-27_17:27:45	NONE	NONE	NONE	NONE	REF	MYC	chr8	127736591	127740960	1.719776	3	cnvQual	2	2	PASS=0/Filtered=137
v0.1	TWJV-Gateway-Seq-S18-34038-A6-lib1	NONE	NONE	NONE	NONE	/storage1/fs1/duncavagee/Active/SEQ/GatewaySeq/process/hackathon/CI-847_rerun/TWJV-Gateway-Seq-S18-34038-A6-lib1_AGACGACAGA-CTGGTTAACA	NONE	NONE	2023-06-27_17:27:45	NONE	NONE	NONE	NONE	REF	CCND1	chr11	69641311	69651284	1.264919	3	cnvQual	2	2	PASS=0/Filtered=139
v0.1	TWJV-Gateway-Seq-S18-34038-A6-lib1	NONE	NONE	NONE	NONE	/storage1/fs1/duncavagee/Active/SEQ/GatewaySeq/process/hackathon/CI-847_rerun/TWJV-Gateway-Seq-S18-34038-A6-lib1_AGACGACAGA-CTGGTTAACA	NONE	NONE	2023-06-27_17:27:45	NONE	NONE	NONE	NONE	REF	KRAS	chr12	25209792	25245386	1.188171	3	cnvQual	2	2	PASS=0/Filtered=137
